{
  "model": "LogReg",
  "AUC": 0.828924485125858,
  "Accuracy": 0.7344262295081967,
  "Precision": 0.8263473053892215,
  "Recall": 0.7263157894736842,
  "F1": 0.773109243697479,
  "CV_AUC_mean": 0.7802792096015485,
  "CV_AUC_std": 0.017239321253549173,
  "excluded_leakage_cols": [
    "Средний_балл"
  ]
}